Afghanistan;AF;AFG;Afghanistan;Kabul;93
Afrique du Sud;ZA;ZAF;Afrique du Sud;Pretoria;27
Albanie;AL;ALB;Albanie;Tirana;355
Algérie;DZ;DZA;Algérie;Algiers;213
Allemagne;DE;DEU;Allemagne;Berlin;49
Andorre;AD;AND;Andorre;Andorra la Vella;376
Angola;AO;AGO;Angola;Luanda;244
Anguilla;AI;AIA;Anguilla;The Valley;1264
Antarctique;AQ;ATA;Antarctique;;672
Arabie saoudite;SA;SAU;Arabie saoudite;Riyadh;966
Argentine;AR;ARG;Argentine;Buenos Aires;54
Arménie;AM;ARM;Arménie;Yerevan;374
Aruba;AW;ABW;Aruba;Oranjestad;297
Australie;AU;AUS;Australie;Canberra;61
Autriche;AT;AUT;Autriche;Vienna;43
Azerbaïdjan;AZ;AZE;Azerbaïdjan;Baku;994
Bahamas;BS;BHS;Bahamas;Nassau;1
Bahreïn;BH;BHR;Bahreïn;Manama;973
Bangladesh;BD;BGD;Bangladesh;Dhaka;880
Barbade;BB;BRB;Barbade;Bridgetown;1
Belgique;BE;BEL;Belgique;Brussels;32
Belize;BZ;BLZ;Belize;Belmopan;501
Benin;BJ;BEN;Benin;Porto-Novo;229
Bermudes;BM;BMU;Bermudes;Hamilton;1
Bhoutan;BT;BTN;Bhoutan;Thimphu;975
Biélorussie;BY;BLR;Biélorussie;Minsk;375
Bolivie;BO;BOL;Bolivie;La Paz;591
Bosnie-Herzégovine;BA;BIH;Bosnie-Herzégovine;Sarajevo;387
Botswana;BW;BWA;Botswana;Gaborone;267
Brésil;BR;BRA;Brésil;Brasília;55
Brunei;BN;BRN;Brunei;Bandar Seri Begawan;673
Bulgarie;BG;BGR;Bulgarie;Sofia;359
Burkina Faso;BF;BFA;Burkina Faso;Ouagadougou;226
Burundi;BI;BDI;Burundi;Bujumbura;257
Cambodge;KH;KHM;Cambodge;Phnom Penh;855
Cameroun;CM;CMR;Cameroun;Yaoundé;237
Canada;CA;CAN;Canada;Ottawa;1
Cap-Vert;CV;CPV;Cap-Vert;Praia;238
Centrafricaine, république;CF;CAF;Centrafricaine, république;Bangui;236
Chili;CL;CHL;Chili;Santiago;56
Chine;CN;CHN;Chine;Beijing;86
Chypre;CY;CYP;Chypre;Nicosia;357
Colombie;CO;COL;Colombie;Bogotá;57
Comores;KM;COM;Comores;Moroni;269
Corée du Nord;KP;PRK;Corée du Nord;Pyongyang;850
Corée du Sud;KR;KOR;Corée du Sud;Seoul;82
Costa Rica;CR;CRI;Costa Rica;San José;506
Côte d'Ivoire;CI;CIV;Côte d'Ivoire;Yamoussoukro;225
Croatie;HR;HRV;Croatie;Zagreb;385
Cuba;CU;CUB;Cuba;Havana;53
Curaçao;CW;CUW;Curaçao;Willemstad;599
Danemark;DK;DNK;Danemark;Copenhagen;45
Djibouti;DJ;DJI;Djibouti;Djibouti;253
Dominique;DM;DMA;Dominique;Roseau;1
Égypte;EG;EGY;Égypte;Cairo;20
El Salvador;SV;SLV;El Salvador;San Salvador;503
Émirats Arabes Unis;AE;ARE;Émirats Arabes Unis;Abu Dhabi;971
Équateur;EC;ECU;Équateur;Quito;593
Érythrée;ER;ERI;Érythrée;Asmara;291
Espagne;ES;ESP;Espagne;Madrid;34
Estonie;EE;EST;Estonie;Tallinn;372
États-Unis;US;USA;États-Unis;Washington;1
Éthiopie;ET;ETH;Éthiopie;Addis Ababa;251
Fidji;FJ;FJI;Fidji;Suva;679
Finlande;FI;FIN;Finlande;Helsinki;358
France;FR;FRA;France;Paris;33
Gabon;GA;GAB;Gabon;Libreville;241
Gambie;GM;GMB;Gambie;Banjul;220
Géorgie;GE;GEO;Géorgie;Tbilisi;995
Ghana;GH;GHA;Ghana;Accra;233
Gibraltar;GI;GIB;Gibraltar;Gibraltar;350
Grande-Bretagne;GB;GBR;Grande-Bretagne;London;44
Grèce;GR;GRC;Grèce;Athens;30
Groenland;GL;GRL;Groenland;Nuuk;299
Guadeloupe;GP;GLP;Guadeloupe;Basse-Terre;590
Guam;GU;GUM;Guam;Hagåtña;1671
Guatemala;GT;GTM;Guatemala;Guatemala City;502
Guinée;GN;GIN;Guinée;Conakry;224
Guinée équatoriale;GQ;GNQ;Guinée équatoriale;Malabo;240
Guinée-Bissau;GW;GNB;Guinée-Bissau;Bissau;245
Guyana;GY;GUY;Guyana;Georgetown;592
Haïti;HT;HTI;Haïti;Port-au-Prince;509
Honduras;HN;HND;Honduras;Tegucigalpa;504
Hong Kong;HK;HKG;Hong Kong;Hong Kong;852
Hongrie;HU;HUN;Hongrie;Budapest;36
Île de Man;IM;IMN;Île de Man;Douglas, Isle of Man;44
Île Maurice;MU;MUS;Île Maurice;Port Louis;230
Île Norfolk;NF;NFK;Île Norfolk;Kingston;672
Îles Caïmanes;KY;CYM;Îles Caïmanes;George Town;1345
Îles Cook;CK;COK;Îles Cook;Avarua;682
Îles Falkland;FK;FLK;Îles Falkland;Stanley;500
Îles Féroé;FO;FRO;Îles Féroé;Tórshavn;298
Îles Mariannes du Nord;MP;MNP;Îles Mariannes du Nord;Saipan;1670
Îles Marshall;MH;MHL;Îles Marshall;Majuro;692
Îles Pitcairn;PN;PCN;Îles Pitcairn;Adamstown;870
Îles Salomon;SB;SLB;Îles Salomon;Honiara;677
Îles Vierges;VG;VGB;Îles Vierges;Road Town;1284
Inde;IN;IND;Inde;New Delhi;91
Indonésie;ID;IDN;Indonésie;Jakarta;62
Irak;IQ;IRQ;Irak;Baghdad;964
Iran;IR;IRN;Iran;Tehran;98
Irlande;IE;IRL;Irlande;Dublin;353
Islande;IS;ISL;Islande;Reykjavík;354
Israël;IL;ISR;Israël;Jerusalem;972
Italie;IT;ITA;Italie;Rome;39
Jamaïque;JM;JAM;Jamaïque;Kingston;1
Japon;JP;JPN;Japon;Tokyo;81
Jordanie;JO;JOR;Jordanie;Amman;962
Kazakhstan;KZ;KAZ;Kazakhstan;Astana;7
Kenya;KE;KEN;Kenya;Nairobi;254
Kirghizistan;KG;KGZ;Kirghizistan;Bishkek;996
Kiribati;KI;KIR;Kiribati;Tarawa;686
Kosovo;XK;XKX;Kosovo;Pristina;381
Koweït;KW;KWT;Koweït;Kuwait City;965
La Réunion;RE;REU;La Réunion;Saint-Denis;262
Laos;LA;LAO;Laos;Vientiane;856
Lesotho;LS;LSO;Lesotho;Maseru;266
Lettonie;LV;LVA;Lettonie;Riga;371
Liban;LB;LBN;Liban;Beirut;961
Liberia;LR;LBR;Liberia;Monrovia;231
Libye;LY;LBY;Libye;Tripolis;218
Liechtenstein;LI;LIE;Liechtenstein;Vaduz;423
Lituanie;LT;LTU;Lituanie;Vilnius;370
Luxembourg;LU;LUX;Luxembourg;Luxembourg;352
Macao;MO;MAC;Macao;Macao;853
Macédoine;MK;MKD;Macédoine;Skopje;389
Madagascar;MG;MDG;Madagascar;Antananarivo;261
Malaisie;MY;MYS;Malaisie;Kuala Lumpur;60
Malawi;MW;MWI;Malawi;Lilongwe;265
Maldives;MV;MDV;Maldives;Malé;960
Mali;ML;MLI;Mali;Bamako;223
Malte;MT;MLT;Malte;Valletta;356
Maroc;MA;MAR;Maroc;Rabat;212
Mauritanie;MR;MRT;Mauritanie;Nouakchott;222
Mexique;MX;MEX;Mexique;Mexico City;52
Micronésie;FM;FSM;Micronésie;Palikir;691
Moldavie;MD;MDA;Moldavie;Chişinău;373
Monaco;MC;MCO;Monaco;Monaco;377
Mongolie;MN;MNG;Mongolie;Ulan Bator;976
Monténégro;ME;MNE;Monténégro;Podgorica;382
Montserrat;MS;MSR;Montserrat;Plymouth;1664
Mozambique;MZ;MOZ;Mozambique;Maputo;258
Myanmar;MM;MMR;Myanmar;Nay Pyi Taw;95
Namibie;NA;NAM;Namibie;Windhoek;264
Nauru;NR;NRU;Nauru;Yaren;674
Népal;NP;NPL;Népal;Kathmandu;977
Nicaragua;NI;NIC;Nicaragua;Managua;505
Niger;NE;NER;Niger;Niamey;227
Nigéria;NG;NGA;Nigéria;Abuja;234
Nioué;NU;NIU;Nioué;Alofi;683
Norvège;NO;NOR;Norvège;Oslo;47
Nouvelle-Calédonie;NC;NCL;Nouvelle-Calédonie;Nouméa;687
Nouvelle-Zélande;NZ;NZL;Nouvelle-Zélande;Wellington;64
Oman;OM;OMN;Oman;Muscat;968
Ouganda;UG;UGA;Ouganda;Kampala;256
Ouzbékistan;UZ;UZB;Ouzbékistan;Tashkent;998
Pakistan;PK;PAK;Pakistan;Islamabad;92
Palaos;PW;PLW;Palaos;Melekeok;680
Panama;PA;PAN;Panama;Panama City;507
Papouasie-Nouvelle-Guinée;PG;PNG;Papouasie-Nouvelle-Guinée;Port Moresby;675
Paraguay;PY;PRY;Paraguay;Asunción;595
Pays-Bas;NL;NLD;Pays-Bas;Amsterdam;31
Pérou;PE;PER;Pérou;Lima;51
Philippines;PH;PHL;Philippines;Manila;63
Pologne;PL;POL;Pologne;Warsaw;48
Polynésie Française;PF;PYF;Polynésie Française;Papeete;689
Porto Rico;PR;PRI;Porto Rico;San Juan;1
Portugal;PT;PRT;Portugal;Lisbon;351
Qatar;QA;QAT;Qatar;Doha;974
République démocratique du Congo;CD;COD;République démocratique du Congo;Kinshasa;243
République Dominicaine;DO;DOM;République Dominicaine;Santo Domingo;1
République du Congo;CG;COG;République du Congo;Brazzaville;242
République tchèque;CZ;CZE;République tchèque;Prague;420
Roumanie;RO;ROU;Roumanie;Bucharest;40
Russie;RU;RUS;Russie;Moscow;7
Rwanda;RW;RWA;Rwanda;Kigali;250
Sahara Occidental;EH;ESH;Sahara Occidental;El-Aaiun;212
Saint-Barthélemy;BL;BLM;Saint-Barthélemy;Gustavia;590
Saint-Christophe-et-Niévès;KN;KNA;Saint-Christophe-et-Niévès;Basseterre;1
Saint-Marin;SM;SMR;Saint-Marin;San Marino;378
Saint-Martin;MF;MAF;Saint-Martin;Marigot;1599
Saint-Pierre et Miquelon;PM;SPM;Saint-Pierre et Miquelon;Saint-Pierre;508
Saint-Vincent-et-les Grenadines;VC;VCT;Saint-Vincent-et-les Grenadines;Kingstown;1
Sainte-Hélène;SH;SHN;Sainte-Hélène;Jamestown;290
Sainte-Lucie;LC;LCA;Sainte-Lucie;Castries;1
Samoa;WS;WSM;Samoa;Apia;685
Samoa américaines;AS;ASM;Samoa américaines;Pago Pago;1684
Sao Tomé-et-Principe;ST;STP;Sao Tomé-et-Principe;São Tomé;239
Sénégal;SN;SEN;Sénégal;Dakar;221
Serbie;RS;SRB;Serbie;Belgrade;381
Seychelles;SC;SYC;Seychelles;Victoria;248
Sierra Leone;SL;SLE;Sierra Leone;Freetown;232
Singapour;SG;SGP;Singapour;Singapur;65
Slovaquie;SK;SVK;Slovaquie;Bratislava;421
Slovénie;SI;SVN;Slovénie;Ljubljana;386
Somalie;SO;SOM;Somalie;Mogadishu;252
Soudan;SD;SDN;Soudan;Khartoum;249
Soudan du Sud;SS;SSD;Soudan du Sud;Juba;211
Sri Lanka;LK;LKA;Sri Lanka;Colombo;94
Suède;SE;SWE;Suède;Stockholm;46
Suisse;CH;CHE;Suisse;Berne;41
Suriname;SR;SUR;Suriname;Paramaribo;597
Swaziland;SZ;SWZ;Swaziland;Mbabane;268
Syrie;SY;SYR;Syrie;Damascus;963
Tadjikistan;TJ;TJK;Tadjikistan;Dushanbe;992
Taiwan;TW;TWN;Taiwan;Taipei;886
Tanzanie;TZ;TZA;Tanzanie;Dodoma;255
Thaïlande;TH;THA;Thaïlande;Bangkok;66
Timor Oriental;TL;TLS;Timor Oriental;Dili;670
Togo;TG;TGO;Togo;Lomé;228
Tokelau;TK;TKL;Tokelau;;690
Trinité-et-Tobago;TT;TTO;Trinité-et-Tobago;Port of Spain;1
Tunisie;TN;TUN;Tunisie;Tunis;216
Turkmenistan;TM;TKM;Turkmenistan;Ashgabat;993
Turquie;TR;TUR;Turquie;Ankara;90
Tuvalu;TV;TUV;Tuvalu;Funafuti;688
Ukraine;UA;UKR;Ukraine;Kiev;380
Uruguay;UY;URY;Uruguay;Montevideo;598
Vanuatu;VU;VUT;Vanuatu;Port Vila;678
Vatican;VA;VAT;Vatican;Vatican City;39
Venezuela;VE;VEN;Venezuela;Caracas;58
Viêt Nam;VN;VNM;Viêt Nam;Hanoi;84
Yémen;YE;YEM;Yémen;San‘a’;967
Zambie;ZM;ZMB;Zambie;Lusaka;260
Zimbabwe;ZW;ZWE;Zimbabwe;Harare;263